P5153453,P5153453.jpg,1
P5153453,Mopar_Corsa_08.jpg,2
P5155788,P5155788.jpg,1
68156147AA,68156147AA.JPG,1
68156147AA,68156147AA 2.JPG,2
68156147AA,68156147AA.JPG,1
68156147AA,68156147AA 2.JPG,2
55372815AB,ram_nightrunner_headlamp.jpg,1
55372815AB,ram_nightrunner.jpg,2
55372814AB,ram_nightrunner_headlamp.jpg,1
55372814AB,ram_nightrunner.jpg,2
,GEDC0007.JPG,1
,GEDC0008.JPG,2
P5155951AB,P5155951AB.jpg,1
P5155951AB,P5155951AB_2.jpg,2
P5155951AB,P5155951AB.jpg,1
P5155951AB,P5155951AB_2.jpg,2
P5155951AB,P5155951AB.jpg,1
P5155951AB,P5155951AB_2.jpg,2
68170682AA 68170683AA,Altitude_headlamps.jpg,1
68170682AA 68170683AA,altitude_grand_cherokee_jeep_headlamp.jpg,2
82213098,82213098.jpg,1
82213098,82213098_dart_cargo_tray.jpg,2
82213098,82213098_dart_cargo_tray_2.jpg,3
68085141AL  68085140AL,dodge_dart_headlamp_black_bezel_projector.jpg,1
68085141AL  68085140AL,dodge_dart_headlamp_black_bezel_projector_rallye.jpg,2
68052292AA - 5058693AA,ram_cabin_air_filter_installation.jpg,1
68052292AA - 5058693AA,ram_cabin_air_filter_installation_1.jpg,2
68052292AA - 5058693AA,ram_cabin_air_filter_installation_2.jpg,3
68052292AA - 5058693AA,ram_cabin_air_filter_installation_3.jpg,4
68052292AA - 5058693AA,ram_cabin_air_filter_installation_4.jpg,5
68052292AA - 5058693AA,ram_cabin_air_filter_installation_5.jpg,6
68194212AA,68194212AA.jpg,1
68194212AA,68194212AA1.jpg,2
68205100AA,68205100AA.jpg,1
68205100AA,68205100AA1.jpg,2
82212463AC,82212463AB.jpg,1
82212463AC,82212463AB1.jpg,2
82212383AB,82212463AB.jpg,1
82212383AB,82212463AB1.jpg,2
1UH63DX8AB,1UH63DX8AB.jpg,1
1UH63DX8AB,1UH63DX8AB1.jpg,2
1TE70DX8AE,jeep_grand_cherokee_altitude_black_wheels.jpg,2
1TE70DX8AE,jeep_grand_cherokee_altitude_black_wheels3.jpg,3
1TE70DX8AE,jeep_grand_cherokee_altitude_black_wheels2.jpg,1
82213771,82213771-1.jpg,1
82213771,82213771.jpg,2
82212085,82212085.jpg,1
82212085,08651_003.JPG,2
82212118,jegrcherdoosilgua4_1.jpg,1
82212118,gracherdosilgua4_2.JPG,2
82212118,jegrcherdoosilgua4_3.png,3
82212072AD,jegrchrorasputba_1.jpg,1
82212072AD,jegrchrorasputba_2.jpg,2
82212072AD,jegrchrorasputba_3.jpg,3
82212341AB,FogLampCoversJeep1.jpg,1
82212341AB,jeegrachechrfoglambez3.png,2
82212019AD,jegrchdemospgufr1.png,1
82212019AD,jegrchdemospgufr2.png,2
RAMSTKIT-COMPLETE,RAMSTKIT-COMPLETE.png,1
RAMSTKIT-COMPLETE,52122362AH.jpg,2
82213091AB,ddrearspo1.png,1
82213091AB,ddrearspo2.png,2
RAMSTKIT-NO_PITMAN,RAMSTKIT-NO_PITMAN.png,1
RAMSTKIT-NO_PITMAN,52122362AH.jpg,2
68218120AA,717444673_tp.jpg,1
68218120AA,717445088_tp.jpg,2
82213126AC,wheel1dd.png,1
82213126AC,dgdrt17caalwh.bmp,2
82213775,82213775.jpg,1
82213775,82213775_2.jpg,2
55397259AB,rearwinstra1.png,1
55397259AB,rearwinstra2.png,2
82213229AB,82213229AB-1.jpg,1
82213229AB,82214042-2.png,2
82213090,ddfrontchin1.png,1
82213090,ddfrontchin3.png,2
82212944,82212944-2.jpg,1
82212944,ddmirr2.png,2
82213309,ddmirr1.png,1
82213309,ddmirr2.png,2
82213311,ddmirr1.png,1
82213311,ddmirr2.png,2
82213310,ddmirr1.png,1
82213310,ddmirr2.png,2
82212866,ddbpillar.png,1
82212866,dgdrtstastelbpilapp.bmp,2
82212981,ddbumppro1.png,1
82212981,ddbumppro2.jpg,2
82210565AD,82210565AD-1.png,1
82210565AD,82210565AD-2.png,2
82213091AB,ddrearspo3.png,3
82213091AB,ddrearspo4.png,4
82213092AB,ddsidesk1.png,1
82213092AB,ddsidesk2.png,2
82213092AB,ddsidesk3.png,3
1TH58JXYAC,hyperdd1.png,1
1TH58JXYAC,hyperdd2.png,2
68216931AA,392hemi1.png,1
68216931AA,392hemi2.png,2
68216931AA,392hemi1.png,1
68216931AA,392hemi2.png,2
68216931AA,392hemi1.png,1
68216931AA,392hemi2.png,2
68216931AA,392hemi1.png,1
68216931AA,392hemi2.png,2
1TE64LU4AB,1TE64LU4AB-1.png,1
1TE64LU4AB,1TE64LU4AB-2.png,2
5PC63LU4AA,5PC63LU4AA-1.jpg,1
5PC63LU4AA,5PC63LU4AA-2.png,2
P5155284AB,P5155284AB-1.png,1
P5155284AB,P5155284AB-2.png,2
P5155284AB,P5155284AB-3.png,3
P5155284AB,P5155284AB-4.png,4
1TH59DX8AB,1TH59DX8AB-2.png,1
1TH59DX8AB,1TH59DX8AB.png,2
1TH59DX8AB,1TH59DX8AB-3.png,3
82213772AB,82213772AB.png,1
82213772AB,82213772AB-2.png,2
1WQ09DX8AB,1WQ09DX8AB-1.png,1
1WQ09DX8AB,1WQ09DX8AB-2.png,2
1WQ09DX8AB,1WQ09DX8AB-3.png,3
5RK91DX8AA / 5RK90DX8AA,5RK91DX8AA-1.png,1
5RK91DX8AA / 5RK90DX8AA,5RK91DX8AA-2.png,2
68093930AC,68093930AC-1.png,1
68093930AC,68093930AC-2.png,2
68093930AC,68093930AC-3.png,3
82212382AB,82212382AB1.jpg,1
82212382AB,82212382AB.jpg,2
82212464AC,82212382AB1.jpg,1
82212464AC,82212382AB.jpg,2
82210609AC,jewr4dfufidosabl_1.jpg,1
82210609AC,jewr4dfufidosabl_2.jpg,2
82212816,82212816.png,1
82212816,82212816-2.png,2
82212816,82212816.png,1
82212816,82212816-2.png,2
GRNDCHERMOLDKIT,55079306AE-1.png,1
GRNDCHERMOLDKIT,55079306AE-2.png,2
68110996AD 68110997AC,2014black-1.png,1
68110996AD 68110997AC,2014black-2.png,2
68104034AA,68104034AA.png,1
68104034AA,68104034AA-2.png,2
82213654,82213654.png,1
82213654,82213654-2.jpg,2
82213654,82213654-3.jpg,3
82213653AB,82213653.jpg,1
1TK93DX8AB,1TK93DX8AB-1.png,1
1TK93DX8AB,1TK93DX8AB-2.png,2
1ML27TZZAA 6036465AAx8,1ML27DX8AA-1.png,1
1ML27TZZAA 6036465AAx8,1ML27DX8AA-2.png,2
1ML22DX8AA,1ML22DX8AA-1.png,1
1ML22DX8AA,1ML22DX8AA-2.png,2
THSC9033,THSC9033-1.png,1
THSC9033,THSC9033-2.png,2
10AREARHOOKKIT,Wrearred-1.png,1
10AREARHOOKKIT,Wrearred-2.png,2
RAMSTKIT-NO_STABIL,RAMSTKIT-NO_STABIL.png,1
RAMSTKIT-NO_STABIL,52122362AH.jpg,2
RAMSTKIT-NO_BOTH,RAMSTKIT-NO_BOTH.png,1
RAMSTKIT-NO_BOTH,52122362AH.jpg,2
68250120AA,68250120AA.jpg,1
68250120AA,68250120AA-1.jpg,2
5MY11DX8AA,5MY11DX8AA-1.png,1
5MY11DX8AA,5MY11DX8AA-2.png,2
DARTAEROPKG,aero_pkg.png,1
DARTAEROPKG,dart_chin_spoiler.png,2
DARTAEROPKG,dart_side_skirts.png,3
DARTAEROPKG,diffuser.png,4
RAMAUDWHLKIT,RAMWHLAUDKIT-1.png,1
RAMAUDWHLKIT,RAMWHLAUDKIT-2.png,2
RAMAUDWHLKIT,RAMWHLAUDKIT-3.png,3
RAMAUDWHLKIT,RAMWHLAUDKIT-4.png,4
82212553,82212553.jpg,1
82213761AC,82213761AC.jpg,1
5MZ69DX8AB,dragonwheelcover1.png,1
5MZ69DX8AB,dragonwheelcover2.png,2
5MZ69DX8AB,dragonwheelcover3.png,3
5QZ12GW7AA,5QZ12GW7AA 2.JPG,1
5QZ12GW7AA,5QZ12GW7AA 3.JPG,3
5QZ12GW7AA,5QZ12GW7AA 4.JPG,4
5QZ12MBJAA,5QZ12MBJAA.jpg,1
5QZ12MBJAA,5QZ12MBJAA 2.jpg,3
5QZ12MBJAA,5QZ12MBJAA 3.JPG,4
5QZ12GW7AA,5QZ12GW7AA 5.JPG,2
5QZ12MBJAA,5QZ12MBJAA 4.JPG,2
82214294AB,heatwashwash.jpg,1
82214294AB,heatedwindshield.jpg,2
82214294AB,heatwashwash.jpg,1
82214294AB,heatedwindshield.jpg,2
82214294AB,heatwashwash.jpg,1
82214294AB,heatedwindshield.jpg,2
82214294AB,heatwashwash.jpg,1
82214294AB,heatedwindshield.jpg,2
82214294AB,heatwashwash.jpg,1
82214294AB,heatedwindshield.jpg,2
P5155956,P5155957 2.jpg,1
P5155956,P5155957.jpg,2
82212969,82212969.jpg,1
82212969,82212969 B.jpg,2
82211743AB,82211743AB.png,1
82211743AB,82211743AB 2A.jpg,2
82211743AB,82211743AB.png,1
82211743AB,82211743AB 2A.jpg,2
82211743AB,82211743AB.png,1
82211743AB,82211743AB 2A.jpg,2
82211743AB,82211743AB.png,1
82211743AB,82211743AB 2A.jpg,2
82211743AB,82211743AB.png,1
82211743AB,82211743AB 2A.jpg,2
82211743AB,82211743AB.png,1
82211743AB,82211743AB 2A.jpg,2
82211743AB,82211743AB.png,1
82211743AB,82211743AB 2A.jpg,2
82211743AB,82211743AB.png,1
82211743AB,82211743AB 2A.jpg,2
82211743AB,82211743AB.png,1
82211743AB,82211743AB 2A.jpg,2
82211743AB,82211743AB.png,1
82211743AB,82211743AB 2A.jpg,2
82211743AB,82211743AB.png,1
82211743AB,82211743AB 2A.jpg,2
82211335AC,82211335AC 2.JPG,1
82211335AC,82211335AC.jpg,2
82212888,82212888.jpg,1
82212888,82212888 2.jpg,2
68206561AA,68206561AA.jpg,1
68206561AA,68206561AA 2.jpg,2
68206561AA,68206561AA 3.jpg,3
82210597AB,82210597AB main.JPG,1
82210597AB,82210597AB.jpg,2
82213724,82213724 B.jpg,1
82213724,82213724.jpg,2
82213723,82213723 B.jpg,1
82213723,82213723.jpg,2
82213732,82213732 B.jpg,1
82213732,82213732.jpg,2
1UB87DX9AB,1UB87DX9AB B.jpg,1
1UB87DX9AB,1UB87DX9AB.png,2
82213249AB,82213249.jpg,1
82213250AB,82213250.jpg,1
82213250AB,82213250 2.jpg,2
RAMENGBLOCK,RAMENGBLOCK leading.jpg,1
RAMENGBLOCK,06501373.jpg,2
RAMENGBLOCK,5149022AB.JPG,3
RAMENGBLOCK,RAMENGBLOCK leading.jpg,1
RAMENGBLOCK,06501373.jpg,2
RAMENGBLOCK,5149022AB.JPG,3
82212545,82212545 lead.JPG,1
82212545,82212545.png,2
5RM77RXFAA,5RM77RXFAA  lftside A.JPG,1
5RM77RXFAA,5RM77RXFAA  lftside B.JPG,2
5QZ60RXFAA,5QZ60RXFAA rtside 1.jpg,1
5QZ60RXFAA,5QZ60RXFAA rt side 3.jpg,2
82207252AC,82207252AC.jpg,1
82207252AC,82207252AC 2.jpg,2
82212859,82212859.jpg,1
82212859,82212859 main.jpg,2
82213410,82213410.jpg,1
82213410,82213410 2.png,2
55397112AA,wrangler plate.JPG,1
55397112AA,55397112AA B.JPG,2
82214166AB,82214166AB 2.jpg,1
82214166AB,82214166AB.jpg,2
123220RR,123220RR-1.jpg,1
123220RR,123220RR-2.jpg,2
68269897AA,68269897AA.jpg,1
68269897AA,68269897AA 2.jpg,2
68269897AA,68269897AA.jpg,1
68269897AA,68269897AA 2.jpg,2
5272526AA,5272526AA.jpg,1
5272526AA,5272526AA diagram.gif,2
5091143AE,5091143AE.jpg,1
5091143AE,5091143AE 2.JPG,2
RAMAUDKITBRWN,RAMWHLAUDKIT-1.png,1
RAMAUDKITBRWN,RAMWHLAUDKIT-2.png,2
RAMAUDKITBRWN,RAMWHLAUDKIT-3.png,3
RAMAUDKITBRWN,RAMWHLAUDKIT-4.png,4
77070042,77070042.JPG,1
77070042,77070042 2.JPG,2
77070042,77070042 3.JPG,3
77070042,77070042 4.jpg,4
82213498AB,82213498.jpg,1
82213498AB,82213498 main.jpg,2
82213487AB,82213498.jpg,1
82213487AB,82213498 main.jpg,2
82213486,82213498.jpg,1
82213486,82213498 main.jpg,2
82213487AB,82213498.jpg,1
82213487AB,82213498 main.jpg,2
82213486AB,82213498.jpg,1
82213486AB,82213498 main.jpg,2
77070042,77070042 2.JPG,2
77070042,77070042.JPG,1
77070042,77070042 3.JPG,3
77070042,77070042 4.jpg,4
68197705AA,68197705AA.JPG,1
68197705AA,68197705AA 2.jpg,2
68197705AA,68197705AA  3.JPG,3
68197705AA,68197705AA  4.JPG,4
82213144AB,82213144AB.jpg,1
82213144AB,82213144AB main.jpg,2
82213144AB,82213144AB.jpg,1
68239549AA,68239549AA.jpg,1
68239549AA,68239549AA B.jpg,2
68239549AA,68239549AA.jpg,1
68239549AA,68239549AA B.jpg,2
82214148,82214148.jpg,1
82214148,82214148 2.JPG,2
82214148,82214148 3.JPG,3
82214148,82214148 4.JPG,4
82214148,82214148.jpg,1
82214148,82214148 2.JPG,2
82214148,82214148 3.JPG,3
82214148,82214148 4.JPG,4
82211201,82211201 main.png,1
82211201,82211201.jpg,2
82211201,82211201 2.jpg,3
82214294AB,heatwashwash.jpg,1
82214294AB,heatedwindshield.jpg,2
4861940AC,4861940AC_1.jpg,1
4861940AC,4861940AC_2.jpg,2
82214570,82214570 2.jpg,1
82214570,82214570 3.JPG,2
82214570,82214570.jpg,3
68247898AA,68247898AA  1.jpg,1
68247898AA,68247898AA  2.jpg,2
68247898AA,68247898AA  1.jpg,1
68247898AA,68247898AA  2.jpg,2
68247898AA,68247898AA  1.jpg,1
68247898AA,68247898AA  2.jpg,2
68247898AA,68247898AA  1.jpg,1
68247898AA,68247898AA  2.jpg,2
68247898AA,68247898AA  1.jpg,1
68247898AA,68247898AA  2.jpg,2
68247898AA,68247898AA  1.jpg,1
68247898AA,68247898AA  2.jpg,2
68247898AA,68247898AA  1.jpg,1
68247898AA,68247898AA  2.jpg,2
68247898AA,68247898AA  1.jpg,1
68247898AA,68247898AA  2.jpg,2
68247898AA,68247898AA  1.jpg,1
68247898AA,68247898AA  2.jpg,2
68247898AA,68247898AA  1.jpg,1
68247898AA,68247898AA  2.jpg,2
68247898AA,68247898AA  1.jpg,1
68247898AA,68247898AA  2.jpg,2
77070023AC,77070023AC.jpg,1
77070023AC,77070023AC 2.jpg,2
77070023AC,77070023AC 3.jpg,3
77070023AC,77070023AC 4.jpg,4
77070023AC,77070023AC.jpg,1
77070023AC,77070023AC 2.jpg,2
77070023AC,77070023AC 3.jpg,3
77070023AC,77070023AC 4.jpg,4
68196485AB,TrailhawkEmblem68196485AB.jpg,1
68196485AB,TrailhawkEmblem 2.jpg,2
68207203AB,68207203AB.jpg,1
68207203AB,68207203AB 2.jpg,2
P5155951AB,P5155951AB.jpg,1
P5155951AB,P5155951AB_2.jpg,2
RAMTAILKITCHR,tailramlogo1.jpg,1
RAMTAILKITCHR,tailramlogo2.jpg,2
RAMTAILKITCHR,tailramlogobase.jpg,3
RAMTAILKITBLK,tailramlogobaseBLK2.jpg,2
RAMTAILKITBLK,tailramlogobaseBLK.jpg,3
82213250AB,82213250.jpg,1
82213250AB,82213250 2.jpg,2
82213633,82213633 2.jpg,1
82213633,82213633.jpg,2
82208686AD,82208686AD.jpg,1
82208686AD,82208686AD 2.jpg,2
82214609,82214609.png,1
82214609,82214609 2.jpg,2
82214609,82214609 3.jpg,3
P5156166,brake kit 2.jpg,1
P5156166,brake kit 3.jpg,2
P5156166,brake kit 1.jpg,3
82214754AB,82214754AB.JPG,1
82214754AB,82214754AB 3.jpg,2
82214754AB,82214754AB 2.jpg,3
68247264AA,68247264AA B.png,1
68247264AA,68247264AA.png,2
82214330,82214330.jpg,1
82214330,82214330 2.jpg,2
RAMTAILKITBLK,ram rebel latters.jpg,1
1UH63DX8AB,1UH63DX8AB.jpg,1
1UH63DX8AB,1UH63DX8AB1.jpg,2
5NP40RXFAA,5NP40RXFAA.jpg,1
5NP40RXFAA,5NP40RXFAA 2.jpg,2
5NP40LWJAA,5NP40LWJAA 2.jpg,2
5NP40LWJAA,5NP40LWJAA.jpg,1
68093911AB,68093911AB.jpg,1
68093911AB,68093911AB 2.jpg,2
68093911AB,68093911AB 3.jpg,3
82213653AB,82213653 2.jpg,2
82213653AB,82213653 3.jpg,3
RAMAUDWHLKIT,RAMWHLAUDKIT-1.png,1
RAMAUDWHLKIT,RAMWHLAUDKIT-2.png,2
RAMAUDWHLKIT,RAMWHLAUDKIT-3.png,3
RAMAUDWHLKIT,RAMWHLAUDKIT-4.png,4
RAMAUDKITBRWN,RAMWHLAUDKIT-1.png,1
RAMAUDKITBRWN,RAMWHLAUDKIT-2.png,2
RAMAUDKITBRWN,RAMWHLAUDKIT-3.png,3
RAMAUDKITBRWN,RAMWHLAUDKIT-4.png,4
77072342AB,77072342  BB.JPG,1
77072342AB,77072342  BBB.jpg,2
82214312AB,4312shakerkit b.jpg,1
82214312AB,4312shakerkit.jpg,2
P5155983,strutkit Main.jpg,1
P5155983,strutkit2.jpg,2
P5155983,strutkit1.jpg,3
82214839,82214839.jpg,1
82214839,82214839 2.jpg,2
82214839,82214839 3.jpg,3
82214824,82214824.JPG,1
82214824,82214824 2.jpg,2
82214824,82214824 3.jpg,3
82214823AB,82214823.jpg,1
82214823AB,82214823 2.jpg,2
82214823AB,82214823 3.jpg,3
82214263AB,82214263AB.jpg,1
82214263AB,82214263AB 2.jpg,2
82214032,82214032 main.jpg,1
82214032,82214032.jpg,2
LARAMIE_LED_KIT,taillampkitLEDRAM.jpg,1
LARAMIE_LED_KIT,taillampkitLEDRAM 2.jpg,2
82214306,blackwranlgercover 2.jpg,1
82214306,blackwranlgercover 1.jpg,2
68049276AB,68049276AB.jpg,1
68049276AB,68049276AB 2.jpg,2
77072345,77072345 2.jpg,1
77072345,77072345 1.jpg,2
82214770,77072345 2.jpg,1
82214770,77072345 1.jpg,2
82214404,82214404 2.jpg,1
82214404,82214404 1.jpg,2
82214401,82214401.jpg,1
82214401,82214401 2.jpg,2
77072341AC,77072341AB.jpg,1
77072341AC,77072341AB 2.jpg,2
82213728AB,82213728AB 1.png,1
82213728AB,82213728AB 2.jpg,2
1ML27TZZAA 6036465AAx8,6036465AA.jpg,3
1ML27JRPAA 6036465AA x8,cherryaccent.jpg,1
1ML27JRPAA 6036465AA x8,6036465AA.jpg,2
1ML27JRPAA 6036465AA x8,1ML27JRPAA.gif,3
82214171AB,82214171AB.JPG,1
82214171AB,82214171AB.png,2
CHAOEMFRNTBRKKIT,BRAKEKIT 1.png,1
CHAOEMFRNTBRKKIT,BRAKEKIT 2.png,2
CHAOEMFRNTBRKKIT,BRAKEKIT 3.png,3
CHAOEMFRNTBRKKIT,BRAKEKIT 1.png,1
CHAOEMFRNTBRKKIT,BRAKEKIT 2.png,2
CHAOEMFRNTBRKKIT,BRAKEKIT 3.png,3
82214382AB,82214171AB.JPG,1
82214382AB,82214171AB.png,2
82214381AB,82214171AB.JPG,1
82214381AB,82214171AB.png,2
82214380AB,82214171AB.JPG,1
82214380AB,82214171AB.png,2
82214379AB,82214171AB.JPG,1
82214379AB,82214171AB.png,2
P5155983,strutkit Main.jpg,1
P5155983,strutkit2.jpg,2
P5155983,strutkit1.jpg,3
68247903AB,68247903AA 3.jpg,1
68247903AB,68247903AA 2.jpg,2
68247903AB,68247903AA.jpg,3
68232312AA,68232312AA.jpg,1
68232312AA,68232312AA B.jpg,2
82214127,82214127 b.jpg,1
82214127,82214127 a.jpg,2
DRBLTMLDKIT,doorbeltmolding4.jpg,1
DRBLTMLDKIT,doorbeltmolding2.jpg,2
DRBLTMLDKIT,doorbeltmolding3.jpg,3
DRBLTMLDKIT,doorbeltmolding4.jpg,1
DRBLTMLDKIT,doorbeltmolding2.jpg,2
DRBLTMLDKIT,doorbeltmolding3.jpg,3
82214333AB,82214333AB.JPG,1
82214333AB,82214333AB 2.JPG,2
CHRMSPEARS,chrome spear moldings.jpg,1
CHRMSPEARS,chrome spear moldings 2.jpg,2
CHRMSPEARS,chrome spear moldings.jpg,1
CHRMSPEARS,chrome spear moldings 2.jpg,2
CHRMSPEARS64,chrome spear moldings.jpg,1
CHRMSPEARS64,chrome spear moldings 2.jpg,2
CHRMSPEARS64,chrome spear moldings.jpg,1
CHRMSPEARS64,chrome spear moldings 2.jpg,2
82212890,proj2.jpg,1
82212890,proj1.gif,2
82212553,82212553C.jpg,2
82212553,82212553B.jpg,3
82213475AB,82213475AB.jpg,1
82213475AB,82213475AB 2.jpg,2
82213843AC,82213843AB.jpg,1
82213843AC,82213843AB 2.png,2
82214609,82214609.png,1
82214609,82214609 2.jpg,2
82214609,82214609 3.jpg,3
82214773AB,82214773 main.jpg,1
82214773AB,82214773 2add.jpg,2
82214773AB,82214773 3add.jpg,3
68299961AB,68234376AB 3.jpg,1
68299961AB,68234376AB 2.jpg,2
68299961AB,68234376AB.jpg,3
68299961AB,68234376AB 4.jpg,4
68260470AC,68260470AC.jpg,1
68260470AC,68260470AC 2.jpg,2
68260470AC,68260470AC.jpg,1
68260470AC,68260470AC 2.jpg,2
82214426,82214426 main.JPG,1
82214426,82214426-1.jpg,2
82212797,82212797 2.jpg,1
82212797,82212797.jpg,2
77072306AD,77072306AD.jpg,1
77072306AD,77072306AD 2.jpg,2
77072306AD,77072306AD 3.jpg,3
77072306AD,77072306AD 4.jpg,4
77072306AD,77072306AD 5.jpg,5
82213656AC,82213656AC.jpg,1
82214785,82214785.jpg,1
82214785,82214785 far.jpg,2
68260704AB,68260704AB 3.jpg,1
68260704AB,68260704AB 2.jpg,2
68260704AB,68260704AB.jpg,3
5XY511U1AA  5VC95DX9AC,ram_console_longhorn.gif,1
5XY511U1AA  5VC95DX9AC,ram_console_longhorn2.gif,2
5VC941Z6AA  5VC95DX9AC,ram_console.gif,1
5VC941Z6AA  5VC95DX9AC,ram_console_limited.gif,2
82209954AB,82209954AB new.jpg,1
82209954AB,82209954AB new2.jpg,2
82209954AB,82209954AB new3.jpg,3
68261150AA,68261150AA 2.jpg,2
68261150AA,68261150AA.jpg,3
68261150AA,68261150AA 3.jpg,1
82213731,82213731.jpg,1
82213731,82213731 2.jpg,2
DDHOODKIT,DDhoodkit3.jpg,1
DDHOODKIT,DDhoodkit1.jpg,2
DDHOODKIT,DDhoodkit2.jpg,3
P5155983,strutkit Main.jpg,1
P5155983,strutkit2.jpg,2
P5155983,strutkit1.jpg,3
82219028,82219028.jpg,1
82219028,82219028-1.jpg,2
82215084,82219028-1.jpg,2
82215084,82219028.jpg,1
82214392,82212859.jpg,1
82214392,82212859 main.jpg,2
JGCFOGLAMPKIT,68228884AC.jpg,3
JGCFOGLAMPKIT,68228884AC-3.jpg,1
JGCFOGLAMPKIT,68228884AC-2.jpg,2
P5156279AB,P5156279AB.jpg,1
P5156279AB,P5156279AB-1.jpg,2
P5156278AB,P5156279AB-1.jpg,2
P5156278AB,P5156279AB.jpg,1
P5156277AC,P5156277AC-1.jpg,2
P5156277AC,P5156277AC.jpg,1
P5156276AC,P5156277AC.jpg,1
P5156276AC,P5156277AC-1.jpg,2
82214048,82214048.jpg,1
82214048,82214048-1.jpg,2
JGCALTEXTKIT,68170682AA.jpg,1
JGCALTEXTKIT,1LB77DX8AC.jpg,2
JGCALTEXTKIT,1WQ09DX8AB-1.jpg,3
JGCALTEXTKIT,1WQ09DX8AB-2.jpg,4
JGCALTEXTKIT,5UY60DX8AA-1.jpg,5
JGCALTEXTKIT,68193400AA_gloss_black_jeep_hood_emblem.jpg,6
JGCALTEXTKIT,68216184AA-1.jpg,7
JGCALTEXTKIT,68235425AA-1.jpg,8
JGCALTEXTKIT,68236144AA-1.jpg,9
JGCALTEXTKIT,altitude_grand_cherokee_jeep_headlamp.jpg,10
82213486AB,82213498.jpg,1
82213486AB,82213498 main.jpg,2
82212764,82212764-chr.jpg,1
82212764,82212764-chr-1.jpg,2
82212765,82212765-sm.jpg,1
82212765,82212765-sm1.jpg,2
TCSUP811,TCSUP811-1.jpg,1
TCSUP811,TCSUP811-2.jpg,2
82214520,82214520-1.jpg,1
82214520,82214520-2.jpg,2
82214520,82214520.jpg,3
82214505,82214505.jpg,1
82214505,82214505-1.jpg,2
82214507,82214507-1.jpg,1
82214507,82214507.jpg,2
68299961AB,68234376AB 2.jpg,2
68299961AB,68234376AB 3.jpg,1
68299961AB,68234376AB.jpg,3
68299961AB,68234376AB 4.jpg,4
82213656AC,82213656AC-1.jpg,2
82213656AC,82213656AC-2.jpg,3
82213656AC,82213656AC-3.jpg,4
82213656AC,82213656AC-4.jpg,5
82219030,82219030-1.jpg,1
82219030,82214543AB-1.jpg,2
82214864,82214382AB-3.jpg,1
82214864,82214382AB-4.jpg,2
77070080,77070080-2.jpg,1
77070080,77070080-1.jpg,2
77070080,77070080-2.jpg,1
77070080,77070080-1.jpg,2
82213129AB,82213129AB-1.jpg,1
82213129AB,82213129.JPG,2
82214345AB,82214345AB.jpg,1
82214345AB,82214345AB-1.jpg,2
82211183,82211183.jpg,1
82211183,82211183-1.jpg,2
P5156135,P5156135-1.jpg,1
P5156135,P5156135-2.jpg,2
5PC63LU4AA,5PC63LU4AA-2.jpg,3
82210316,82210316-2.jpg,1
82210316,82210316-1.jpg,2
5QZ60RXFAA,5QZ60RXFAA-1.jpg,3
82213051AB,82213051AB-2.jpg,1
82213051AB,82213051AB-1.jpg,2
P5155351,P5155351-1.jpg,1
P5155351,P5155351-23.jpg,2
P5155351,P5155351-3.jpg,3
82210562AF,82210562AF-2.jpg,1
82210562AF,82210562AF-1.jpg,2
82211231,82211231-1.jpg,1
82211231,82211231.jpg,2
52124455AB,52124455AB-2.jpg,1
52124455AB,52124455AB-1.jpg,2
82210355AB,82210355AB-2.jpg,1
82210355AB,82210355AB-1.jpg,2
82210001,82210001-2.jpg,1
82210001,82210001-1.jpg,2
P5155978,P5155978-2.jpg,1
P5155978,P5155978-1.jpg,2
5MY08RXFAA,5MY08RXFAA-1.jpg,1
5MY08RXFAA,5MY08RXFAA-2.jpg,2
5LW63DX8AA,5LW63DX8AA-1.jpg,1
5LW63DX8AA,5LW63DX8AA-2.jpg,2
5LW63DX8AA,5LW63DX8AA-3.jpg,3
5LW63DX8AA,5LW63DX8AA-4.jpg,4
5303744AD  5303745AD,5303744AD-2.jpg,1
5303744AD  5303745AD,5303744AD-1.jpg,2
82211874,82211874-1.jpg,1
82211874,82211873-1.jpg,2
82211665AD,82211665AD-1.jpg,1
82211665AD,82211665AD-2.jpg,2
82212588AD,82212586AD-3.jpg,1
82212588AD,82212588AD-1.jpg,2
82212586AD,82212586AD-3.jpg,1
82212586AD,82212586AD-1.jpg,2
82212769,82212769-1.jpg,1
82212769,82212769-2.jpg,2
82212769,82212769-3.jpg,3
82212520,82212520-1.jpg,1
82212520,82212520-2.jpg,2
68270496AC  68270497AC,68270496AC-3.jpg,1
68270496AC  68270497AC,68270496AC-1.jpg,2
68270496AC  68270497AC,68270496AC-2.jpg,3
68270496AC  68270497AC,68270496AC-3.jpg,1
68270496AC  68270497AC,68270496AC-1.jpg,2
68270496AC  68270497AC,68270496AC-2.jpg,3
P5156167AC,P5156167AC-1.jpg,1
P5156167AC,P5156167AC-2.jpg,2
P5156167AC,P5156167AC-3.jpg,3
82213647,82213648-2.jpg,1
82213647,82213648-1.jpg,2
82212944,82212944-4.jpg,3
82212944,82212944-3.jpg,4
82212944,82212944-1.jpg,5
82213311,82212944-2.jpg,3
82213311,82212944-1.jpg,4
82213311,82212944-3.jpg,5
82213310,82212944-1.jpg,3
82213310,82212944-2.jpg,4
82213310,82212944-3.jpg,5
82213309,82212944-1.jpg,3
82213309,82212944-2.jpg,4
82213309,82212944-3.jpg,5
RAM1500FRSKIDPLATEKIT,82214783-3.jpg,1
RAM1500FRSKIDPLATEKIT,82214783.jpg,2
RAM1500FRSKIDPLATEKIT,82214783-1.jpg,3
RAM1500FRSKIDPLATEKIT,82214783-2.jpg,4
82214497,82214497-2.jpg,1
82214497,82214497-1.jpg,2
82214497,82214497-3.jpg,3
82214497,82214783-3.jpg,4
82214497,82214783.jpg,5
82214497,82214783-1.jpg,6
82214497,82214497.jpg,7
1PUT0501,1PUT0501-3.jpg,1
1PUT0501,1PUT0501-2.jpg,2
1PUT0501,1PUT0501-3.jpg,1
1PUT0501,1PUT0501-2.jpg,2
68303088AA,68303088AA.jpg,1
68303088AA,68303088AA-1.jpg,2
68303088AA,crateenginesmopperf-1A.jpg,3
68303088AA,crateenginesmopperf-2A.jpg,4
68303088AA,crateenginesmopperf-3A.jpg,5
68303088AA,crateenginesmopperf-4A.jpg,6
68303090AA,68303090AA.jpg,1
68303090AA,68303090AA-1.jpg,2
68303090AA,crateenginesmopperf-1A.jpg,3
68303090AA,crateenginesmopperf-2A.jpg,4
68303090AA,crateenginesmopperf-3A.jpg,5
68303090AA,crateenginesmopperf-4A.jpg,6
68090960AE,68090960AE-1.jpg,1
68090960AE,68090960AE-2.jpg,2
68090960AE,68090960AE-4.jpg,3
68164500AE,68090960AE-1.jpg,1
68164500AE,68090960AE-2.jpg,2
68270827AA,68270827AA.jpg,1
68270827AA,68270827AA-1.jpg,2
68368987AA,68270827AA-1.jpg,2
68368987AA,68368987AA.jpg,1
68359485AA,68270827AA-1.jpg,2
68359485AA,68359485AA.jpg,1
82214741AB,82214741.jpg,1
82214741AB,82214741AB-1.jpg,2
